<E2ETraceEvent xmlns="http://schemas.microsoft.com/2004/06/E2ETraceEvent"><System xmlns="http://schemas.microsoft.com/2004/06/windows/eventlog/system"><EventID>0</EventID><Type>3</Type><SubType Name="Information">0</SubType><Level>8</Level><TimeCreated SystemTime="2011-01-11T19:00:20.6699219Z" /><Source Name="System.ServiceModel.MessageLogging" /><Correlation ActivityID="{5834239f-3608-4107-a6f8-4e204de72b26}" /><Execution ProcessName="WebDev.WebServer40" ProcessID="5092" ThreadID="8" /><Channel/><Computer>MACWIN</Computer></System><ApplicationData><TraceData><DataItem><MessageLogTraceRecord Time="2011-01-11T11:00:20.6679688-08:00" Source="TransportReceive" Type="System.ServiceModel.Channels.NullMessage" xmlns="http://schemas.microsoft.com/2004/06/ServiceModel/Management/MessageTrace"><HttpRequest><Method>GET</Method><QueryString></QueryString><WebHeaders><Connection>Keep-Alive</Connection><Accept>application/x-ms-application, image/jpeg, application/xaml+xml, image/gif, image/pjpeg, application/x-ms-xbap, application/vnd.ms-excel, application/vnd.ms-powerpoint, application/msword, */*</Accept><Accept-Encoding>gzip, deflate</Accept-Encoding><Accept-Language>en-US</Accept-Language><Host>localhost:25360</Host><User-Agent>Mozilla/4.0 (compatible; MSIE 8.0; Windows NT 6.1; WOW64; Trident/4.0; SLCC2; .NET CLR 2.0.50727; .NET CLR 3.5.30729; .NET CLR 3.0.30729; Media Center PC 6.0; .NET4.0C; .NET4.0E)</User-Agent></WebHeaders></HttpRequest></MessageLogTraceRecord></DataItem></TraceData></ApplicationData></E2ETraceEvent><E2ETraceEvent xmlns="http://schemas.microsoft.com/2004/06/E2ETraceEvent"><System xmlns="http://schemas.microsoft.com/2004/06/windows/eventlog/system"><EventID>0</EventID><Type>3</Type><SubType Name="Information">0</SubType><Level>8</Level><TimeCreated SystemTime="2011-01-11T19:00:20.6699219Z" /><Source Name="System.ServiceModel.MessageLogging" /><Correlation ActivityID="{5834239f-3608-4107-a6f8-4e204de72b26}" /><Execution ProcessName="WebDev.WebServer40" ProcessID="5092" ThreadID="8" /><Channel/><Computer>MACWIN</Computer></System><ApplicationData><TraceData><DataItem><MessageLogTraceRecord Time="2011-01-11T11:00:20.6699219-08:00" Source="ServiceLevelReceiveRequest" Type="System.ServiceModel.Channels.NullMessage" xmlns="http://schemas.microsoft.com/2004/06/ServiceModel/Management/MessageTrace"><HttpRequest><Method>GET</Method><QueryString></QueryString><WebHeaders><Connection>Keep-Alive</Connection><Accept>application/x-ms-application, image/jpeg, application/xaml+xml, image/gif, image/pjpeg, application/x-ms-xbap, application/vnd.ms-excel, application/vnd.ms-powerpoint, application/msword, */*</Accept><Accept-Encoding>gzip, deflate</Accept-Encoding><Accept-Language>en-US</Accept-Language><Host>localhost:25360</Host><User-Agent>Mozilla/4.0 (compatible; MSIE 8.0; Windows NT 6.1; WOW64; Trident/4.0; SLCC2; .NET CLR 2.0.50727; .NET CLR 3.5.30729; .NET CLR 3.0.30729; Media Center PC 6.0; .NET4.0C; .NET4.0E)</User-Agent></WebHeaders></HttpRequest></MessageLogTraceRecord></DataItem></TraceData></ApplicationData></E2ETraceEvent><E2ETraceEvent xmlns="http://schemas.microsoft.com/2004/06/E2ETraceEvent"><System xmlns="http://schemas.microsoft.com/2004/06/windows/eventlog/system"><EventID>0</EventID><Type>3</Type><SubType Name="Information">0</SubType><Level>8</Level><TimeCreated SystemTime="2011-01-11T19:00:20.6708984Z" /><Source Name="System.ServiceModel.MessageLogging" /><Correlation ActivityID="{5834239f-3608-4107-a6f8-4e204de72b26}" /><Execution ProcessName="WebDev.WebServer40" ProcessID="5092" ThreadID="8" /><Channel/><Computer>MACWIN</Computer></System><ApplicationData><TraceData><DataItem><MessageLogTraceRecord Time="2011-01-11T11:00:20.6699219-08:00" Source="ServiceLevelSendReply" Type="System.ServiceModel.Description.ServiceMetadataExtension+HttpGetImpl+MetadataOffHelpPageMessage" xmlns="http://schemas.microsoft.com/2004/06/ServiceModel/Management/MessageTrace"><HttpResponse><StatusCode>OK</StatusCode><WebHeaders><Content-Type>text/html; charset=UTF-8</Content-Type></WebHeaders></HttpResponse><HTML><HEAD>&lt;STYLE type="text/css"&gt;#content{ FONT-SIZE: 0.7em; PADDING-BOTTOM: 2em; MARGIN-LEFT: 30px}BODY{MARGIN-TOP: 0px; MARGIN-LEFT: 0px; COLOR: #000000; FONT-FAMILY: Verdana; BACKGROUND-COLOR: white}P{MARGIN-TOP: 0px; MARGIN-BOTTOM: 12px; COLOR: #000000; FONT-FAMILY: Verdana}PRE{BORDER-RIGHT: #f0f0e0 1px solid; PADDING-RIGHT: 5px; BORDER-TOP: #f0f0e0 1px solid; MARGIN-TOP: -5px; PADDING-LEFT: 5px; FONT-SIZE: 1.2em; PADDING-BOTTOM: 5px; BORDER-LEFT: #f0f0e0 1px solid; PADDING-TOP: 5px; BORDER-BOTTOM: #f0f0e0 1px solid; FONT-FAMILY: Courier New; BACKGROUND-COLOR: #e5e5cc}.heading1{MARGIN-TOP: 0px; PADDING-LEFT: 15px; FONT-WEIGHT: normal; FONT-SIZE: 26px; MARGIN-BOTTOM: 0px; PADDING-BOTTOM: 3px; MARGIN-LEFT: -30px; WIDTH: 100%; COLOR: #ffffff; PADDING-TOP: 10px; FONT-FAMILY: Tahoma; BACKGROUND-COLOR: #003366}.intro{MARGIN-LEFT: -15px}&lt;/STYLE&gt;
&lt;TITLE&gt;Service&lt;/TITLE&gt;</HEAD>&lt;BODY&gt;
&lt;DIV id="content"&gt;
&lt;P class="heading1"&gt;Service&lt;/P&gt;
&lt;BR/&gt;
&lt;P class="intro"&gt;This is a Windows&amp;#169; Communication Foundation service.&lt;BR/&gt;&lt;BR/&gt;&lt;B&gt;Metadata publishing for this service is currently disabled.&lt;/B&gt;&lt;BR/&gt;&lt;BR/&gt;If you have access to the service, you can enable metadata publishing by completing the following steps to modify your web or application configuration file:&lt;BR/&gt;&lt;BR/&gt;1. Create the following service behavior configuration, or add the &amp;lt;serviceMetadata&amp;gt; element to an existing service behavior configuration:&lt;/P&gt;
&lt;PRE&gt;
&lt;font color="blue"&gt;&amp;lt;&lt;font color="darkred"&gt;behaviors&lt;/font&gt;&amp;gt;&lt;/font&gt;
&lt;font color="blue"&gt;    &amp;lt;&lt;font color="darkred"&gt;serviceBehaviors&lt;/font&gt;&amp;gt;&lt;/font&gt;
&lt;font color="blue"&gt;        &amp;lt;&lt;font color="darkred"&gt;behavior &lt;/font&gt;&lt;font color="red"&gt;name&lt;/font&gt;=&lt;font color="black"&gt;"&lt;/font&gt;MyServiceTypeBehaviors&lt;font color="black"&gt;" &lt;/font&gt;&amp;gt;&lt;/font&gt;
&lt;font color="blue"&gt;            &amp;lt;&lt;font color="darkred"&gt;serviceMetadata &lt;/font&gt;&lt;font color="red"&gt;httpGetEnabled&lt;/font&gt;=&lt;font color="black"&gt;"&lt;/font&gt;true&lt;font color="black"&gt;" &lt;/font&gt;/&amp;gt;&lt;/font&gt;
&lt;font color="blue"&gt;        &amp;lt;&lt;font color="darkred"&gt;/behavior&lt;/font&gt;&amp;gt;&lt;/font&gt;
&lt;font color="blue"&gt;    &amp;lt;&lt;font color="darkred"&gt;/serviceBehaviors&lt;/font&gt;&amp;gt;&lt;/font&gt;
&lt;font color="blue"&gt;&amp;lt;&lt;font color="darkred"&gt;/behaviors&lt;/font&gt;&amp;gt;&lt;/font&gt;
&lt;/PRE&gt;
&lt;P class="intro"&gt;2. Add the behavior configuration to the service:&lt;/P&gt;
&lt;PRE&gt;
&lt;font color="blue"&gt;&amp;lt;&lt;font color="darkred"&gt;service &lt;/font&gt;&lt;font color="red"&gt;name&lt;/font&gt;=&lt;font color="black"&gt;"&lt;/font&gt;&lt;i&gt;MyNamespace.MyServiceType&lt;/i&gt;&lt;font color="black"&gt;" &lt;/font&gt;&lt;font color="red"&gt;behaviorConfiguration&lt;/font&gt;=&lt;font color="black"&gt;"&lt;/font&gt;&lt;i&gt;MyServiceTypeBehaviors&lt;/i&gt;&lt;font color="black"&gt;" &lt;/font&gt;&amp;gt;&lt;/font&gt;
&lt;/PRE&gt;
&lt;P class="intro"&gt;Note: the service name must match the configuration name for the service implementation.&lt;BR/&gt;&lt;BR/&gt;3. Add the following endpoint to your service configuration:&lt;/P&gt;
&lt;PRE&gt;
&lt;font color="blue"&gt;&amp;lt;&lt;font color="darkred"&gt;endpoint &lt;/font&gt;&lt;font color="red"&gt;contract&lt;/font&gt;=&lt;font color="black"&gt;"&lt;/font&gt;IMetadataExchange&lt;font color="black"&gt;" &lt;/font&gt;&lt;font color="red"&gt;binding&lt;/font&gt;=&lt;font color="black"&gt;"&lt;/font&gt;mexHttpBinding&lt;font color="black"&gt;" &lt;/font&gt;&lt;font color="red"&gt;address&lt;/font&gt;=&lt;font color="black"&gt;"&lt;/font&gt;mex&lt;font color="black"&gt;" &lt;/font&gt;/&amp;gt;&lt;/font&gt;
&lt;/PRE&gt;

&lt;P class="intro"&gt;Note: your service must have an http base address to add this endpoint.&lt;BR/&gt;&lt;BR/&gt;The following is an example service configuration file with metadata publishing enabled:&lt;/P&gt;
&lt;PRE&gt;
&lt;font color="blue"&gt;&amp;lt;&lt;font color="darkred"&gt;configuration&lt;/font&gt;&amp;gt;&lt;/font&gt;
&lt;font color="blue"&gt;    &amp;lt;&lt;font color="darkred"&gt;system.serviceModel&lt;/font&gt;&amp;gt;&lt;/font&gt;
 
&lt;font color="blue"&gt;        &amp;lt;&lt;font color="darkred"&gt;services&lt;/font&gt;&amp;gt;&lt;/font&gt;
&lt;font color="blue"&gt;            &amp;lt;!-- &lt;font color="green"&gt;Note: the service name must match the configuration name for the service implementation.&lt;/font&gt; --&amp;gt;&lt;/font&gt;
&lt;font color="blue"&gt;            &amp;lt;&lt;font color="darkred"&gt;service &lt;/font&gt;&lt;font color="red"&gt;name&lt;/font&gt;=&lt;font color="black"&gt;"&lt;/font&gt;&lt;i&gt;MyNamespace.MyServiceType&lt;/i&gt;&lt;font color="black"&gt;" &lt;/font&gt;&lt;font color="red"&gt;behaviorConfiguration&lt;/font&gt;=&lt;font color="black"&gt;"&lt;/font&gt;&lt;i&gt;MyServiceTypeBehaviors&lt;/i&gt;&lt;font color="black"&gt;" &lt;/font&gt;&amp;gt;&lt;/font&gt;
&lt;font color="blue"&gt;                &amp;lt;!-- &lt;font color="green"&gt;Add the following endpoint. &lt;/font&gt; --&amp;gt;&lt;/font&gt;
&lt;font color="blue"&gt;                &amp;lt;!-- &lt;font color="green"&gt;Note: your service must have an http base address to add this endpoint.&lt;/font&gt; --&amp;gt;&lt;/font&gt;
&lt;font color="blue"&gt;                &amp;lt;&lt;font color="darkred"&gt;endpoint &lt;/font&gt;&lt;font color="red"&gt;contract&lt;/font&gt;=&lt;font color="black"&gt;"&lt;/font&gt;IMetadataExchange&lt;font color="black"&gt;" &lt;/font&gt;&lt;font color="red"&gt;binding&lt;/font&gt;=&lt;font color="black"&gt;"&lt;/font&gt;mexHttpBinding&lt;font color="black"&gt;" &lt;/font&gt;&lt;font color="red"&gt;address&lt;/font&gt;=&lt;font color="black"&gt;"&lt;/font&gt;mex&lt;font color="black"&gt;" &lt;/font&gt;/&amp;gt;&lt;/font&gt;
&lt;font color="blue"&gt;            &amp;lt;&lt;font color="darkred"&gt;/service&lt;/font&gt;&amp;gt;&lt;/font&gt;
&lt;font color="blue"&gt;        &amp;lt;&lt;font color="darkred"&gt;/services&lt;/font&gt;&amp;gt;&lt;/font&gt;
 
&lt;font color="blue"&gt;        &amp;lt;&lt;font color="darkred"&gt;behaviors&lt;/font&gt;&amp;gt;&lt;/font&gt;
&lt;font color="blue"&gt;            &amp;lt;&lt;font color="darkred"&gt;serviceBehaviors&lt;/font&gt;&amp;gt;&lt;/font&gt;
&lt;font color="blue"&gt;                &amp;lt;&lt;font color="darkred"&gt;behavior &lt;/font&gt;&lt;font color="red"&gt;name&lt;/font&gt;=&lt;font color="black"&gt;"&lt;/font&gt;&lt;i&gt;MyServiceTypeBehaviors&lt;/i&gt;&lt;font color="black"&gt;" &lt;/font&gt;&amp;gt;&lt;/font&gt;
&lt;font color="blue"&gt;                    &amp;lt;!-- &lt;font color="green"&gt;Add the following element to your service behavior configuration.&lt;/font&gt; --&amp;gt;&lt;/font&gt;
&lt;font color="blue"&gt;                    &amp;lt;&lt;font color="darkred"&gt;serviceMetadata &lt;/font&gt;&lt;font color="red"&gt;httpGetEnabled&lt;/font&gt;=&lt;font color="black"&gt;"&lt;/font&gt;true&lt;font color="black"&gt;" &lt;/font&gt;/&amp;gt;&lt;/font&gt;
&lt;font color="blue"&gt;                &amp;lt;&lt;font color="darkred"&gt;/behavior&lt;/font&gt;&amp;gt;&lt;/font&gt;
&lt;font color="blue"&gt;            &amp;lt;&lt;font color="darkred"&gt;/serviceBehaviors&lt;/font&gt;&amp;gt;&lt;/font&gt;
&lt;font color="blue"&gt;        &amp;lt;&lt;font color="darkred"&gt;/behaviors&lt;/font&gt;&amp;gt;&lt;/font&gt;
 
&lt;font color="blue"&gt;    &amp;lt;&lt;font color="darkred"&gt;/system.serviceModel&lt;/font&gt;&amp;gt;&lt;/font&gt;
&lt;font color="blue"&gt;&amp;lt;&lt;font color="darkred"&gt;/configuration&lt;/font&gt;&amp;gt;&lt;/font&gt;
&lt;/PRE&gt;
&lt;P class="intro"&gt;For more information on publishing metadata please see the following documentation: &lt;a href="http://go.microsoft.com/fwlink/?LinkId=65455"&gt;http://go.microsoft.com/fwlink/?LinkId=65455&lt;/a&gt;.&lt;/P&gt;
&lt;/DIV&gt;
&lt;/BODY&gt;</HTML></MessageLogTraceRecord></DataItem></TraceData></ApplicationData></E2ETraceEvent><E2ETraceEvent xmlns="http://schemas.microsoft.com/2004/06/E2ETraceEvent"><System xmlns="http://schemas.microsoft.com/2004/06/windows/eventlog/system"><EventID>0</EventID><Type>3</Type><SubType Name="Information">0</SubType><Level>8</Level><TimeCreated SystemTime="2011-01-11T19:00:20.6777344Z" /><Source Name="System.ServiceModel.MessageLogging" /><Correlation ActivityID="{5834239f-3608-4107-a6f8-4e204de72b26}" /><Execution ProcessName="WebDev.WebServer40" ProcessID="5092" ThreadID="8" /><Channel/><Computer>MACWIN</Computer></System><ApplicationData><TraceData><DataItem><MessageLogTraceRecord Time="2011-01-11T11:00:20.6708984-08:00" Source="TransportSend" Type="System.ServiceModel.Description.ServiceMetadataExtension+HttpGetImpl+MetadataOffHelpPageMessage" xmlns="http://schemas.microsoft.com/2004/06/ServiceModel/Management/MessageTrace"><Addressing><Action></Action></Addressing><HttpResponse><StatusCode>OK</StatusCode><WebHeaders><Content-Type>text/html; charset=UTF-8</Content-Type></WebHeaders></HttpResponse><HTML xmlns=""><HEAD><STYLE type="text/css">#content{ FONT-SIZE: 0.7em; PADDING-BOTTOM: 2em; MARGIN-LEFT: 30px}BODY{MARGIN-TOP: 0px; MARGIN-LEFT: 0px; COLOR: #000000; FONT-FAMILY: Verdana; BACKGROUND-COLOR: white}P{MARGIN-TOP: 0px; MARGIN-BOTTOM: 12px; COLOR: #000000; FONT-FAMILY: Verdana}PRE{BORDER-RIGHT: #f0f0e0 1px solid; PADDING-RIGHT: 5px; BORDER-TOP: #f0f0e0 1px solid; MARGIN-TOP: -5px; PADDING-LEFT: 5px; FONT-SIZE: 1.2em; PADDING-BOTTOM: 5px; BORDER-LEFT: #f0f0e0 1px solid; PADDING-TOP: 5px; BORDER-BOTTOM: #f0f0e0 1px solid; FONT-FAMILY: Courier New; BACKGROUND-COLOR: #e5e5cc}.heading1{MARGIN-TOP: 0px; PADDING-LEFT: 15px; FONT-WEIGHT: normal; FONT-SIZE: 26px; MARGIN-BOTTOM: 0px; PADDING-BOTTOM: 3px; MARGIN-LEFT: -30px; WIDTH: 100%; COLOR: #ffffff; PADDING-TOP: 10px; FONT-FAMILY: Tahoma; BACKGROUND-COLOR: #003366}.intro{MARGIN-LEFT: -15px}</STYLE><TITLE>Service</TITLE></HEAD><BODY><DIV id="content"><P class="heading1">Service</P><BR></BR><P class="intro"><BR></BR><BR></BR><B>Metadata publishing for this service is currently disabled.</B><BR></BR><BR></BR><BR></BR><BR></BR>This is a Windows©Communication Foundation service.If you have access to the service, you can enable metadata publishing by completing the following steps to modify your web or application configuration file:1. Create the following service behavior configuration, or add the &lt;serviceMetadata&gt;element to an existing service behavior configuration:</P><PRE><font color="blue"><font color="darkred">behaviors</font>&lt;&gt;</font><font color="blue"><font color="darkred">serviceBehaviors</font>&lt;&gt;</font><font color="blue"><font color="darkred">behavior </font><font color="red">name</font><font color="black">"</font><font color="black">" </font>&lt;=MyServiceTypeBehaviors&gt;</font><font color="blue"><font color="darkred">serviceMetadata </font><font color="red">httpGetEnabled</font><font color="black">"</font><font color="black">" </font>&lt;=true/&gt;</font><font color="blue"><font color="darkred">/behavior</font>&lt;&gt;</font><font color="blue"><font color="darkred">/serviceBehaviors</font>&lt;&gt;</font><font color="blue"><font color="darkred">/behaviors</font>&lt;&gt;</font></PRE><P class="intro">2. Add the behavior configuration to the service:</P><PRE><font color="blue"><font color="darkred">service </font><font color="red">name</font><font color="black">"</font><i>MyNamespace.MyServiceType</i><font color="black">" </font><font color="red">behaviorConfiguration</font><font color="black">"</font><i>MyServiceTypeBehaviors</i><font color="black">" </font>&lt;==&gt;</font></PRE><P class="intro"><BR></BR><BR></BR>Note: the service name must match the configuration name for the service implementation.3. Add the following endpoint to your service configuration:</P><PRE><font color="blue"><font color="darkred">endpoint </font><font color="red">contract</font><font color="black">"</font><font color="black">" </font><font color="red">binding</font><font color="black">"</font><font color="black">" </font><font color="red">address</font><font color="black">"</font><font color="black">" </font>&lt;=IMetadataExchange=mexHttpBinding=mex/&gt;</font></PRE><P class="intro"><BR></BR><BR></BR>Note: your service must have an http base address to add this endpoint.The following is an example service configuration file with metadata publishing enabled:</P><PRE><font color="blue"><font color="darkred">configuration</font>&lt;&gt;</font><font color="blue"><font color="darkred">system.serviceModel</font>&lt;&gt;</font><font color="blue"><font color="darkred">services</font>&lt;&gt;</font><font color="blue"><font color="green">Note: the service name must match the configuration name for the service implementation.</font>&lt;!-- --&gt;</font><font color="blue"><font color="darkred">service </font><font color="red">name</font><font color="black">"</font><i>MyNamespace.MyServiceType</i><font color="black">" </font><font color="red">behaviorConfiguration</font><font color="black">"</font><i>MyServiceTypeBehaviors</i><font color="black">" </font>&lt;==&gt;</font><font color="blue"><font color="green">Add the following endpoint. </font>&lt;!-- --&gt;</font><font color="blue"><font color="green">Note: your service must have an http base address to add this endpoint.</font>&lt;!-- --&gt;</font><font color="blue"><font color="darkred">endpoint </font><font color="red">contract</font><font color="black">"</font><font color="black">" </font><font color="red">binding</font><font color="black">"</font><font color="black">" </font><font color="red">address</font><font color="black">"</font><font color="black">" </font>&lt;=IMetadataExchange=mexHttpBinding=mex/&gt;</font><font color="blue"><font color="darkred">/service</font>&lt;&gt;</font><font color="blue"><font color="darkred">/services</font>&lt;&gt;</font><font color="blue"><font color="darkred">behaviors</font>&lt;&gt;</font><font color="blue"><font color="darkred">serviceBehaviors</font>&lt;&gt;</font><font color="blue"><font color="darkred">behavior </font><font color="red">name</font><font color="black">"</font><i>MyServiceTypeBehaviors</i><font color="black">" </font>&lt;=&gt;</font><font color="blue"><font color="green">Add the following element to your service behavior configuration.</font>&lt;!-- --&gt;</font><font color="blue"><font color="darkred">serviceMetadata </font><font color="red">httpGetEnabled</font><font color="black">"</font><font color="black">" </font>&lt;=true/&gt;</font><font color="blue"><font color="darkred">/behavior</font>&lt;&gt;</font><font color="blue"><font color="darkred">/serviceBehaviors</font>&lt;&gt;</font><font color="blue"><font color="darkred">/behaviors</font>&lt;&gt;</font><font color="blue"><font color="darkred">/system.serviceModel</font>&lt;&gt;</font><font color="blue"><font color="darkred">/configuration</font>&lt;&gt;</font></PRE><P class="intro"><a href="http://go.microsoft.com/fwlink/?LinkId=65455">http://go.microsoft.com/fwlink/?LinkId=65455</a>For more information on publishing metadata please see the following documentation: .</P></DIV></BODY></HTML></MessageLogTraceRecord></DataItem></TraceData></ApplicationData></E2ETraceEvent>