<E2ETraceEvent xmlns="http://schemas.microsoft.com/2004/06/E2ETraceEvent"><System xmlns="http://schemas.microsoft.com/2004/06/windows/eventlog/system"><EventID>0</EventID><Type>3</Type><SubType Name="Transfer">0</SubType><Level>255</Level><TimeCreated SystemTime="2011-01-11T19:00:14.1171875Z" /><Source Name="System.ServiceModel" /><Correlation ActivityID="{00000000-0000-0000-0000-000000000000}" RelatedActivityID="{38272a48-9c69-4fc7-9df9-43de45faf531}" /><Execution ProcessName="WebDev.WebServer40" ProcessID="5092" ThreadID="8" /><Channel/><Computer>MACWIN</Computer></System><ApplicationData></ApplicationData></E2ETraceEvent><E2ETraceEvent xmlns="http://schemas.microsoft.com/2004/06/E2ETraceEvent"><System xmlns="http://schemas.microsoft.com/2004/06/windows/eventlog/system"><EventID>131085</EventID><Type>3</Type><SubType Name="Start">0</SubType><Level>255</Level><TimeCreated SystemTime="2011-01-11T19:00:14.9521484Z" /><Source Name="System.ServiceModel" /><Correlation ActivityID="{38272a48-9c69-4fc7-9df9-43de45faf531}" /><Execution ProcessName="WebDev.WebServer40" ProcessID="5092" ThreadID="8" /><Channel/><Computer>MACWIN</Computer></System><ApplicationData><TraceData><DataItem><TraceRecord xmlns="http://schemas.microsoft.com/2004/10/E2ETraceEvent/TraceRecord" Severity="Start"><TraceIdentifier>http://msdn.microsoft.com/en-US/library/System.ServiceModel.Diagnostics.ActivityBoundary.aspx</TraceIdentifier><Description>Activity boundary.</Description><AppDomain>ada1ca43-6-129392460088408203</AppDomain><ExtendedData xmlns="http://schemas.microsoft.com/2006/08/ServiceModel/DictionaryTraceRecord"><ActivityName>Construct ServiceHost 'ContactManager.ContactsResource'.</ActivityName><ActivityType>Construct</ActivityType></ExtendedData></TraceRecord></DataItem></TraceData></ApplicationData></E2ETraceEvent><E2ETraceEvent xmlns="http://schemas.microsoft.com/2004/06/E2ETraceEvent"><System xmlns="http://schemas.microsoft.com/2004/06/windows/eventlog/system"><EventID>0</EventID><Type>3</Type><SubType Name="Transfer">0</SubType><Level>255</Level><TimeCreated SystemTime="2011-01-11T19:00:17.6484375Z" /><Source Name="System.ServiceModel" /><Correlation ActivityID="{38272a48-9c69-4fc7-9df9-43de45faf531}" RelatedActivityID="{00000000-0000-0000-0000-000000000000}" /><Execution ProcessName="WebDev.WebServer40" ProcessID="5092" ThreadID="8" /><Channel/><Computer>MACWIN</Computer></System><ApplicationData></ApplicationData></E2ETraceEvent><E2ETraceEvent xmlns="http://schemas.microsoft.com/2004/06/E2ETraceEvent"><System xmlns="http://schemas.microsoft.com/2004/06/windows/eventlog/system"><EventID>131085</EventID><Type>3</Type><SubType Name="Stop">0</SubType><Level>255</Level><TimeCreated SystemTime="2011-01-11T19:00:17.6484375Z" /><Source Name="System.ServiceModel" /><Correlation ActivityID="{38272a48-9c69-4fc7-9df9-43de45faf531}" /><Execution ProcessName="WebDev.WebServer40" ProcessID="5092" ThreadID="8" /><Channel/><Computer>MACWIN</Computer></System><ApplicationData><TraceData><DataItem><TraceRecord xmlns="http://schemas.microsoft.com/2004/10/E2ETraceEvent/TraceRecord" Severity="Stop"><TraceIdentifier>http://msdn.microsoft.com/en-US/library/System.ServiceModel.Diagnostics.ActivityBoundary.aspx</TraceIdentifier><Description>Activity boundary.</Description><AppDomain>ada1ca43-6-129392460088408203</AppDomain><ExtendedData xmlns="http://schemas.microsoft.com/2006/08/ServiceModel/DictionaryTraceRecord"><ActivityName>Construct ServiceHost 'ContactManager.ContactsResource'.</ActivityName><ActivityType>Construct</ActivityType></ExtendedData></TraceRecord></DataItem></TraceData></ApplicationData></E2ETraceEvent><E2ETraceEvent xmlns="http://schemas.microsoft.com/2004/06/E2ETraceEvent"><System xmlns="http://schemas.microsoft.com/2004/06/windows/eventlog/system"><EventID>0</EventID><Type>3</Type><SubType Name="Transfer">0</SubType><Level>255</Level><TimeCreated SystemTime="2011-01-11T19:00:17.6572266Z" /><Source Name="System.ServiceModel" /><Correlation ActivityID="{00000000-0000-0000-0000-000000000000}" RelatedActivityID="{f846e8fc-e86b-4ecc-94ff-f1fcd6a01bb2}" /><Execution ProcessName="WebDev.WebServer40" ProcessID="5092" ThreadID="8" /><Channel/><Computer>MACWIN</Computer></System><ApplicationData></ApplicationData></E2ETraceEvent><E2ETraceEvent xmlns="http://schemas.microsoft.com/2004/06/E2ETraceEvent"><System xmlns="http://schemas.microsoft.com/2004/06/windows/eventlog/system"><EventID>131085</EventID><Type>3</Type><SubType Name="Start">0</SubType><Level>255</Level><TimeCreated SystemTime="2011-01-11T19:00:17.6572266Z" /><Source Name="System.ServiceModel" /><Correlation ActivityID="{f846e8fc-e86b-4ecc-94ff-f1fcd6a01bb2}" /><Execution ProcessName="WebDev.WebServer40" ProcessID="5092" ThreadID="8" /><Channel/><Computer>MACWIN</Computer></System><ApplicationData><TraceData><DataItem><TraceRecord xmlns="http://schemas.microsoft.com/2004/10/E2ETraceEvent/TraceRecord" Severity="Start"><TraceIdentifier>http://msdn.microsoft.com/en-US/library/System.ServiceModel.Diagnostics.ActivityBoundary.aspx</TraceIdentifier><Description>Activity boundary.</Description><AppDomain>ada1ca43-6-129392460088408203</AppDomain><ExtendedData xmlns="http://schemas.microsoft.com/2006/08/ServiceModel/DictionaryTraceRecord"><ActivityName>Open ServiceHost 'ContactManager.ContactsResource'.</ActivityName><ActivityType>Open</ActivityType></ExtendedData></TraceRecord></DataItem></TraceData></ApplicationData></E2ETraceEvent><E2ETraceEvent xmlns="http://schemas.microsoft.com/2004/06/E2ETraceEvent"><System xmlns="http://schemas.microsoft.com/2004/06/windows/eventlog/system"><EventID>0</EventID><Type>3</Type><SubType Name="Transfer">0</SubType><Level>255</Level><TimeCreated SystemTime="2011-01-11T19:00:17.8408203Z" /><Source Name="System.ServiceModel" /><Correlation ActivityID="{f846e8fc-e86b-4ecc-94ff-f1fcd6a01bb2}" RelatedActivityID="{cb9712ee-f4f8-4443-b684-206e16caa312}" /><Execution ProcessName="WebDev.WebServer40" ProcessID="5092" ThreadID="8" /><Channel/><Computer>MACWIN</Computer></System><ApplicationData></ApplicationData></E2ETraceEvent><E2ETraceEvent xmlns="http://schemas.microsoft.com/2004/06/E2ETraceEvent"><System xmlns="http://schemas.microsoft.com/2004/06/windows/eventlog/system"><EventID>131085</EventID><Type>3</Type><SubType Name="Start">0</SubType><Level>255</Level><TimeCreated SystemTime="2011-01-11T19:00:17.8408203Z" /><Source Name="System.ServiceModel" /><Correlation ActivityID="{cb9712ee-f4f8-4443-b684-206e16caa312}" /><Execution ProcessName="WebDev.WebServer40" ProcessID="5092" ThreadID="8" /><Channel/><Computer>MACWIN</Computer></System><ApplicationData><TraceData><DataItem><TraceRecord xmlns="http://schemas.microsoft.com/2004/10/E2ETraceEvent/TraceRecord" Severity="Start"><TraceIdentifier>http://msdn.microsoft.com/en-US/library/System.ServiceModel.Diagnostics.ActivityBoundary.aspx</TraceIdentifier><Description>Activity boundary.</Description><AppDomain>ada1ca43-6-129392460088408203</AppDomain><ExtendedData xmlns="http://schemas.microsoft.com/2006/08/ServiceModel/DictionaryTraceRecord"><ActivityName>Listen at 'http://localhost:25360/contacts'.</ActivityName><ActivityType>ListenAt</ActivityType></ExtendedData></TraceRecord></DataItem></TraceData></ApplicationData></E2ETraceEvent><E2ETraceEvent xmlns="http://schemas.microsoft.com/2004/06/E2ETraceEvent"><System xmlns="http://schemas.microsoft.com/2004/06/windows/eventlog/system"><EventID>0</EventID><Type>3</Type><SubType Name="Transfer">0</SubType><Level>255</Level><TimeCreated SystemTime="2011-01-11T19:00:17.8408203Z" /><Source Name="System.ServiceModel" /><Correlation ActivityID="{f846e8fc-e86b-4ecc-94ff-f1fcd6a01bb2}" RelatedActivityID="{00000000-0000-0000-0000-000000000000}" /><Execution ProcessName="WebDev.WebServer40" ProcessID="5092" ThreadID="8" /><Channel/><Computer>MACWIN</Computer></System><ApplicationData></ApplicationData></E2ETraceEvent><E2ETraceEvent xmlns="http://schemas.microsoft.com/2004/06/E2ETraceEvent"><System xmlns="http://schemas.microsoft.com/2004/06/windows/eventlog/system"><EventID>131085</EventID><Type>3</Type><SubType Name="Stop">0</SubType><Level>255</Level><TimeCreated SystemTime="2011-01-11T19:00:17.8408203Z" /><Source Name="System.ServiceModel" /><Correlation ActivityID="{f846e8fc-e86b-4ecc-94ff-f1fcd6a01bb2}" /><Execution ProcessName="WebDev.WebServer40" ProcessID="5092" ThreadID="8" /><Channel/><Computer>MACWIN</Computer></System><ApplicationData><TraceData><DataItem><TraceRecord xmlns="http://schemas.microsoft.com/2004/10/E2ETraceEvent/TraceRecord" Severity="Stop"><TraceIdentifier>http://msdn.microsoft.com/en-US/library/System.ServiceModel.Diagnostics.ActivityBoundary.aspx</TraceIdentifier><Description>Activity boundary.</Description><AppDomain>ada1ca43-6-129392460088408203</AppDomain><ExtendedData xmlns="http://schemas.microsoft.com/2006/08/ServiceModel/DictionaryTraceRecord"><ActivityName>Open ServiceHost 'ContactManager.ContactsResource'.</ActivityName><ActivityType>Open</ActivityType></ExtendedData></TraceRecord></DataItem></TraceData></ApplicationData></E2ETraceEvent><E2ETraceEvent xmlns="http://schemas.microsoft.com/2004/06/E2ETraceEvent"><System xmlns="http://schemas.microsoft.com/2004/06/windows/eventlog/system"><EventID>0</EventID><Type>3</Type><SubType Name="Transfer">0</SubType><Level>255</Level><TimeCreated SystemTime="2011-01-11T19:00:17.8417969Z" /><Source Name="System.ServiceModel" /><Correlation ActivityID="{cb9712ee-f4f8-4443-b684-206e16caa312}" RelatedActivityID="{9beb93ef-9fc5-4715-ab5e-738045e5a817}" /><Execution ProcessName="WebDev.WebServer40" ProcessID="5092" ThreadID="8" /><Channel/><Computer>MACWIN</Computer></System><ApplicationData></ApplicationData></E2ETraceEvent><E2ETraceEvent xmlns="http://schemas.microsoft.com/2004/06/E2ETraceEvent"><System xmlns="http://schemas.microsoft.com/2004/06/windows/eventlog/system"><EventID>131085</EventID><Type>3</Type><SubType Name="Suspend">0</SubType><Level>255</Level><TimeCreated SystemTime="2011-01-11T19:00:17.8417969Z" /><Source Name="System.ServiceModel" /><Correlation ActivityID="{cb9712ee-f4f8-4443-b684-206e16caa312}" /><Execution ProcessName="WebDev.WebServer40" ProcessID="5092" ThreadID="8" /><Channel/><Computer>MACWIN</Computer></System><ApplicationData><TraceData><DataItem><TraceRecord xmlns="http://schemas.microsoft.com/2004/10/E2ETraceEvent/TraceRecord" Severity="Suspend"><TraceIdentifier>http://msdn.microsoft.com/en-US/library/System.ServiceModel.Diagnostics.ActivityBoundary.aspx</TraceIdentifier><Description>Activity boundary.</Description><AppDomain>ada1ca43-6-129392460088408203</AppDomain><ExtendedData xmlns="http://schemas.microsoft.com/2006/08/ServiceModel/DictionaryTraceRecord"><ActivityName>Listen at 'http://localhost:25360/contacts'.</ActivityName><ActivityType>ListenAt</ActivityType></ExtendedData></TraceRecord></DataItem></TraceData></ApplicationData></E2ETraceEvent><E2ETraceEvent xmlns="http://schemas.microsoft.com/2004/06/E2ETraceEvent"><System xmlns="http://schemas.microsoft.com/2004/06/windows/eventlog/system"><EventID>131085</EventID><Type>3</Type><SubType Name="Start">0</SubType><Level>255</Level><TimeCreated SystemTime="2011-01-11T19:00:17.8417969Z" /><Source Name="System.ServiceModel" /><Correlation ActivityID="{9beb93ef-9fc5-4715-ab5e-738045e5a817}" /><Execution ProcessName="WebDev.WebServer40" ProcessID="5092" ThreadID="8" /><Channel/><Computer>MACWIN</Computer></System><ApplicationData><TraceData><DataItem><TraceRecord xmlns="http://schemas.microsoft.com/2004/10/E2ETraceEvent/TraceRecord" Severity="Start"><TraceIdentifier>http://msdn.microsoft.com/en-US/library/System.ServiceModel.Diagnostics.ActivityBoundary.aspx</TraceIdentifier><Description>Activity boundary.</Description><AppDomain>ada1ca43-6-129392460088408203</AppDomain><ExtendedData xmlns="http://schemas.microsoft.com/2006/08/ServiceModel/DictionaryTraceRecord"><ActivityName>Processing message 1.</ActivityName><ActivityType>ProcessMessage</ActivityType></ExtendedData></TraceRecord></DataItem></TraceData></ApplicationData></E2ETraceEvent><E2ETraceEvent xmlns="http://schemas.microsoft.com/2004/06/E2ETraceEvent"><System xmlns="http://schemas.microsoft.com/2004/06/windows/eventlog/system"><EventID>0</EventID><Type>3</Type><SubType Name="Transfer">0</SubType><Level>255</Level><TimeCreated SystemTime="2011-01-11T19:00:17.8417969Z" /><Source Name="System.ServiceModel" /><Correlation ActivityID="{9beb93ef-9fc5-4715-ab5e-738045e5a817}" RelatedActivityID="{5834239f-3608-4107-a6f8-4e204de72b26}" /><Execution ProcessName="WebDev.WebServer40" ProcessID="5092" ThreadID="8" /><Channel/><Computer>MACWIN</Computer></System><ApplicationData></ApplicationData></E2ETraceEvent><E2ETraceEvent xmlns="http://schemas.microsoft.com/2004/06/E2ETraceEvent"><System xmlns="http://schemas.microsoft.com/2004/06/windows/eventlog/system"><EventID>131085</EventID><Type>3</Type><SubType Name="Start">0</SubType><Level>255</Level><TimeCreated SystemTime="2011-01-11T19:00:17.8417969Z" /><Source Name="System.ServiceModel" /><Correlation ActivityID="{5834239f-3608-4107-a6f8-4e204de72b26}" /><Execution ProcessName="WebDev.WebServer40" ProcessID="5092" ThreadID="8" /><Channel/><Computer>MACWIN</Computer></System><ApplicationData><TraceData><DataItem><TraceRecord xmlns="http://schemas.microsoft.com/2004/10/E2ETraceEvent/TraceRecord" Severity="Start"><TraceIdentifier>http://msdn.microsoft.com/en-US/library/System.ServiceModel.Diagnostics.ActivityBoundary.aspx</TraceIdentifier><Description>Activity boundary.</Description><AppDomain>ada1ca43-6-129392460088408203</AppDomain><ExtendedData xmlns="http://schemas.microsoft.com/2006/08/ServiceModel/DictionaryTraceRecord"><ActivityName>Process action ''.</ActivityName><ActivityType>ProcessAction</ActivityType></ExtendedData></TraceRecord></DataItem></TraceData></ApplicationData></E2ETraceEvent><E2ETraceEvent xmlns="http://schemas.microsoft.com/2004/06/E2ETraceEvent"><System xmlns="http://schemas.microsoft.com/2004/06/windows/eventlog/system"><EventID>0</EventID><Type>3</Type><SubType Name="Transfer">0</SubType><Level>255</Level><TimeCreated SystemTime="2011-01-11T19:00:20.6699219Z" /><Source Name="System.ServiceModel" /><Correlation ActivityID="{9beb93ef-9fc5-4715-ab5e-738045e5a817}" RelatedActivityID="{cb9712ee-f4f8-4443-b684-206e16caa312}" /><Execution ProcessName="WebDev.WebServer40" ProcessID="5092" ThreadID="8" /><Channel/><Computer>MACWIN</Computer></System><ApplicationData></ApplicationData></E2ETraceEvent><E2ETraceEvent xmlns="http://schemas.microsoft.com/2004/06/E2ETraceEvent"><System xmlns="http://schemas.microsoft.com/2004/06/windows/eventlog/system"><EventID>131085</EventID><Type>3</Type><SubType Name="Stop">0</SubType><Level>255</Level><TimeCreated SystemTime="2011-01-11T19:00:20.6699219Z" /><Source Name="System.ServiceModel" /><Correlation ActivityID="{9beb93ef-9fc5-4715-ab5e-738045e5a817}" /><Execution ProcessName="WebDev.WebServer40" ProcessID="5092" ThreadID="8" /><Channel/><Computer>MACWIN</Computer></System><ApplicationData><TraceData><DataItem><TraceRecord xmlns="http://schemas.microsoft.com/2004/10/E2ETraceEvent/TraceRecord" Severity="Stop"><TraceIdentifier>http://msdn.microsoft.com/en-US/library/System.ServiceModel.Diagnostics.ActivityBoundary.aspx</TraceIdentifier><Description>Activity boundary.</Description><AppDomain>ada1ca43-6-129392460088408203</AppDomain><ExtendedData xmlns="http://schemas.microsoft.com/2006/08/ServiceModel/DictionaryTraceRecord"><ActivityName>Processing message 1.</ActivityName><ActivityType>ProcessMessage</ActivityType></ExtendedData></TraceRecord></DataItem></TraceData></ApplicationData></E2ETraceEvent><E2ETraceEvent xmlns="http://schemas.microsoft.com/2004/06/E2ETraceEvent"><System xmlns="http://schemas.microsoft.com/2004/06/windows/eventlog/system"><EventID>131085</EventID><Type>3</Type><SubType Name="Resume">0</SubType><Level>255</Level><TimeCreated SystemTime="2011-01-11T19:00:20.6699219Z" /><Source Name="System.ServiceModel" /><Correlation ActivityID="{cb9712ee-f4f8-4443-b684-206e16caa312}" /><Execution ProcessName="WebDev.WebServer40" ProcessID="5092" ThreadID="8" /><Channel/><Computer>MACWIN</Computer></System><ApplicationData><TraceData><DataItem><TraceRecord xmlns="http://schemas.microsoft.com/2004/10/E2ETraceEvent/TraceRecord" Severity="Resume"><TraceIdentifier>http://msdn.microsoft.com/en-US/library/System.ServiceModel.Diagnostics.ActivityBoundary.aspx</TraceIdentifier><Description>Activity boundary.</Description><AppDomain>ada1ca43-6-129392460088408203</AppDomain><ExtendedData xmlns="http://schemas.microsoft.com/2006/08/ServiceModel/DictionaryTraceRecord"><ActivityName>Listen at 'http://localhost:25360/contacts'.</ActivityName><ActivityType>ListenAt</ActivityType></ExtendedData></TraceRecord></DataItem></TraceData></ApplicationData></E2ETraceEvent><E2ETraceEvent xmlns="http://schemas.microsoft.com/2004/06/E2ETraceEvent"><System xmlns="http://schemas.microsoft.com/2004/06/windows/eventlog/system"><EventID>0</EventID><Type>3</Type><SubType Name="Transfer">0</SubType><Level>255</Level><TimeCreated SystemTime="2011-01-11T19:00:20.6699219Z" /><Source Name="System.ServiceModel" /><Correlation ActivityID="{5834239f-3608-4107-a6f8-4e204de72b26}" RelatedActivityID="{78fce1a0-4b9e-4af0-b14d-924b440ccb8d}" /><Execution ProcessName="WebDev.WebServer40" ProcessID="5092" ThreadID="8" /><Channel/><Computer>MACWIN</Computer></System><ApplicationData></ApplicationData></E2ETraceEvent><E2ETraceEvent xmlns="http://schemas.microsoft.com/2004/06/E2ETraceEvent"><System xmlns="http://schemas.microsoft.com/2004/06/windows/eventlog/system"><EventID>131085</EventID><Type>3</Type><SubType Name="Suspend">0</SubType><Level>255</Level><TimeCreated SystemTime="2011-01-11T19:00:20.6699219Z" /><Source Name="System.ServiceModel" /><Correlation ActivityID="{5834239f-3608-4107-a6f8-4e204de72b26}" /><Execution ProcessName="WebDev.WebServer40" ProcessID="5092" ThreadID="8" /><Channel/><Computer>MACWIN</Computer></System><ApplicationData><TraceData><DataItem><TraceRecord xmlns="http://schemas.microsoft.com/2004/10/E2ETraceEvent/TraceRecord" Severity="Suspend"><TraceIdentifier>http://msdn.microsoft.com/en-US/library/System.ServiceModel.Diagnostics.ActivityBoundary.aspx</TraceIdentifier><Description>Activity boundary.</Description><AppDomain>ada1ca43-6-129392460088408203</AppDomain><ExtendedData xmlns="http://schemas.microsoft.com/2006/08/ServiceModel/DictionaryTraceRecord"><ActivityName>Process action ''.</ActivityName><ActivityType>ProcessAction</ActivityType></ExtendedData></TraceRecord></DataItem></TraceData></ApplicationData></E2ETraceEvent><E2ETraceEvent xmlns="http://schemas.microsoft.com/2004/06/E2ETraceEvent"><System xmlns="http://schemas.microsoft.com/2004/06/windows/eventlog/system"><EventID>131085</EventID><Type>3</Type><SubType Name="Start">0</SubType><Level>255</Level><TimeCreated SystemTime="2011-01-11T19:00:20.6699219Z" /><Source Name="System.ServiceModel" /><Correlation ActivityID="{78fce1a0-4b9e-4af0-b14d-924b440ccb8d}" /><Execution ProcessName="WebDev.WebServer40" ProcessID="5092" ThreadID="8" /><Channel/><Computer>MACWIN</Computer></System><ApplicationData><TraceData><DataItem><TraceRecord xmlns="http://schemas.microsoft.com/2004/10/E2ETraceEvent/TraceRecord" Severity="Start"><TraceIdentifier>http://msdn.microsoft.com/en-US/library/System.ServiceModel.Diagnostics.ActivityBoundary.aspx</TraceIdentifier><Description>Activity boundary.</Description><AppDomain>ada1ca43-6-129392460088408203</AppDomain><ExtendedData xmlns="http://schemas.microsoft.com/2006/08/ServiceModel/DictionaryTraceRecord"><ActivityName>Execute 'System.ServiceModel.Description.ServiceMetadataExtension+IHttpGetMetadata.Get'.</ActivityName><ActivityType>ExecuteUserCode</ActivityType></ExtendedData></TraceRecord></DataItem></TraceData></ApplicationData></E2ETraceEvent><E2ETraceEvent xmlns="http://schemas.microsoft.com/2004/06/E2ETraceEvent"><System xmlns="http://schemas.microsoft.com/2004/06/windows/eventlog/system"><EventID>0</EventID><Type>3</Type><SubType Name="Transfer">0</SubType><Level>255</Level><TimeCreated SystemTime="2011-01-11T19:00:20.6699219Z" /><Source Name="System.ServiceModel" /><Correlation ActivityID="{78fce1a0-4b9e-4af0-b14d-924b440ccb8d}" RelatedActivityID="{5834239f-3608-4107-a6f8-4e204de72b26}" /><Execution ProcessName="WebDev.WebServer40" ProcessID="5092" ThreadID="8" /><Channel/><Computer>MACWIN</Computer></System><ApplicationData></ApplicationData></E2ETraceEvent><E2ETraceEvent xmlns="http://schemas.microsoft.com/2004/06/E2ETraceEvent"><System xmlns="http://schemas.microsoft.com/2004/06/windows/eventlog/system"><EventID>131085</EventID><Type>3</Type><SubType Name="Stop">0</SubType><Level>255</Level><TimeCreated SystemTime="2011-01-11T19:00:20.6699219Z" /><Source Name="System.ServiceModel" /><Correlation ActivityID="{78fce1a0-4b9e-4af0-b14d-924b440ccb8d}" /><Execution ProcessName="WebDev.WebServer40" ProcessID="5092" ThreadID="8" /><Channel/><Computer>MACWIN</Computer></System><ApplicationData><TraceData><DataItem><TraceRecord xmlns="http://schemas.microsoft.com/2004/10/E2ETraceEvent/TraceRecord" Severity="Stop"><TraceIdentifier>http://msdn.microsoft.com/en-US/library/System.ServiceModel.Diagnostics.ActivityBoundary.aspx</TraceIdentifier><Description>Activity boundary.</Description><AppDomain>ada1ca43-6-129392460088408203</AppDomain><ExtendedData xmlns="http://schemas.microsoft.com/2006/08/ServiceModel/DictionaryTraceRecord"><ActivityName>Execute 'System.ServiceModel.Description.ServiceMetadataExtension+IHttpGetMetadata.Get'.</ActivityName><ActivityType>ExecuteUserCode</ActivityType></ExtendedData></TraceRecord></DataItem></TraceData></ApplicationData></E2ETraceEvent><E2ETraceEvent xmlns="http://schemas.microsoft.com/2004/06/E2ETraceEvent"><System xmlns="http://schemas.microsoft.com/2004/06/windows/eventlog/system"><EventID>131085</EventID><Type>3</Type><SubType Name="Resume">0</SubType><Level>255</Level><TimeCreated SystemTime="2011-01-11T19:00:20.6699219Z" /><Source Name="System.ServiceModel" /><Correlation ActivityID="{5834239f-3608-4107-a6f8-4e204de72b26}" /><Execution ProcessName="WebDev.WebServer40" ProcessID="5092" ThreadID="8" /><Channel/><Computer>MACWIN</Computer></System><ApplicationData><TraceData><DataItem><TraceRecord xmlns="http://schemas.microsoft.com/2004/10/E2ETraceEvent/TraceRecord" Severity="Resume"><TraceIdentifier>http://msdn.microsoft.com/en-US/library/System.ServiceModel.Diagnostics.ActivityBoundary.aspx</TraceIdentifier><Description>Activity boundary.</Description><AppDomain>ada1ca43-6-129392460088408203</AppDomain><ExtendedData xmlns="http://schemas.microsoft.com/2006/08/ServiceModel/DictionaryTraceRecord"><ActivityName>Process action ''.</ActivityName><ActivityType>ProcessAction</ActivityType></ExtendedData></TraceRecord></DataItem></TraceData></ApplicationData></E2ETraceEvent><E2ETraceEvent xmlns="http://schemas.microsoft.com/2004/06/E2ETraceEvent"><System xmlns="http://schemas.microsoft.com/2004/06/windows/eventlog/system"><EventID>131085</EventID><Type>3</Type><SubType Name="Stop">0</SubType><Level>255</Level><TimeCreated SystemTime="2011-01-11T19:00:20.6826172Z" /><Source Name="System.ServiceModel" /><Correlation ActivityID="{5834239f-3608-4107-a6f8-4e204de72b26}" /><Execution ProcessName="WebDev.WebServer40" ProcessID="5092" ThreadID="8" /><Channel/><Computer>MACWIN</Computer></System><ApplicationData><TraceData><DataItem><TraceRecord xmlns="http://schemas.microsoft.com/2004/10/E2ETraceEvent/TraceRecord" Severity="Stop"><TraceIdentifier>http://msdn.microsoft.com/en-US/library/System.ServiceModel.Diagnostics.ActivityBoundary.aspx</TraceIdentifier><Description>Activity boundary.</Description><AppDomain>ada1ca43-6-129392460088408203</AppDomain><ExtendedData xmlns="http://schemas.microsoft.com/2006/08/ServiceModel/DictionaryTraceRecord"><ActivityName>Process action ''.</ActivityName><ActivityType>ProcessAction</ActivityType></ExtendedData></TraceRecord></DataItem></TraceData></ApplicationData></E2ETraceEvent><E2ETraceEvent xmlns="http://schemas.microsoft.com/2004/06/E2ETraceEvent"><System xmlns="http://schemas.microsoft.com/2004/06/windows/eventlog/system"><EventID>0</EventID><Type>3</Type><SubType Name="Transfer">0</SubType><Level>255</Level><TimeCreated SystemTime="2011-01-11T19:00:33.5332031Z" /><Source Name="System.ServiceModel" /><Correlation ActivityID="{00000000-0000-0000-0000-000000000000}" RelatedActivityID="{3d189aa3-3997-48f1-b841-4a368b48f698}" /><Execution ProcessName="WebDev.WebServer40" ProcessID="5092" ThreadID="8" /><Channel/><Computer>MACWIN</Computer></System><ApplicationData></ApplicationData></E2ETraceEvent><E2ETraceEvent xmlns="http://schemas.microsoft.com/2004/06/E2ETraceEvent"><System xmlns="http://schemas.microsoft.com/2004/06/windows/eventlog/system"><EventID>131085</EventID><Type>3</Type><SubType Name="Start">0</SubType><Level>255</Level><TimeCreated SystemTime="2011-01-11T19:00:33.5351563Z" /><Source Name="System.ServiceModel" /><Correlation ActivityID="{3d189aa3-3997-48f1-b841-4a368b48f698}" /><Execution ProcessName="WebDev.WebServer40" ProcessID="5092" ThreadID="8" /><Channel/><Computer>MACWIN</Computer></System><ApplicationData><TraceData><DataItem><TraceRecord xmlns="http://schemas.microsoft.com/2004/10/E2ETraceEvent/TraceRecord" Severity="Start"><TraceIdentifier>http://msdn.microsoft.com/en-US/library/System.ServiceModel.Diagnostics.ActivityBoundary.aspx</TraceIdentifier><Description>Activity boundary.</Description><AppDomain>ada1ca43-6-129392460088408203</AppDomain><ExtendedData xmlns="http://schemas.microsoft.com/2006/08/ServiceModel/DictionaryTraceRecord"><ActivityName>Close ServiceHost 'ContactManager.ContactsResource'.</ActivityName><ActivityType>Close</ActivityType></ExtendedData></TraceRecord></DataItem></TraceData></ApplicationData></E2ETraceEvent><E2ETraceEvent xmlns="http://schemas.microsoft.com/2004/06/E2ETraceEvent"><System xmlns="http://schemas.microsoft.com/2004/06/windows/eventlog/system"><EventID>0</EventID><Type>3</Type><SubType Name="Transfer">0</SubType><Level>255</Level><TimeCreated SystemTime="2011-01-11T19:00:33.5351563Z" /><Source Name="System.ServiceModel" /><Correlation ActivityID="{3d189aa3-3997-48f1-b841-4a368b48f698}" RelatedActivityID="{00000000-0000-0000-0000-000000000000}" /><Execution ProcessName="WebDev.WebServer40" ProcessID="5092" ThreadID="8" /><Channel/><Computer>MACWIN</Computer></System><ApplicationData></ApplicationData></E2ETraceEvent><E2ETraceEvent xmlns="http://schemas.microsoft.com/2004/06/E2ETraceEvent"><System xmlns="http://schemas.microsoft.com/2004/06/windows/eventlog/system"><EventID>131085</EventID><Type>3</Type><SubType Name="Stop">0</SubType><Level>255</Level><TimeCreated SystemTime="2011-01-11T19:00:33.5351563Z" /><Source Name="System.ServiceModel" /><Correlation ActivityID="{3d189aa3-3997-48f1-b841-4a368b48f698}" /><Execution ProcessName="WebDev.WebServer40" ProcessID="5092" ThreadID="8" /><Channel/><Computer>MACWIN</Computer></System><ApplicationData><TraceData><DataItem><TraceRecord xmlns="http://schemas.microsoft.com/2004/10/E2ETraceEvent/TraceRecord" Severity="Stop"><TraceIdentifier>http://msdn.microsoft.com/en-US/library/System.ServiceModel.Diagnostics.ActivityBoundary.aspx</TraceIdentifier><Description>Activity boundary.</Description><AppDomain>ada1ca43-6-129392460088408203</AppDomain><ExtendedData xmlns="http://schemas.microsoft.com/2006/08/ServiceModel/DictionaryTraceRecord"><ActivityName>Close ServiceHost 'ContactManager.ContactsResource'.</ActivityName><ActivityType>Close</ActivityType></ExtendedData></TraceRecord></DataItem></TraceData></ApplicationData></E2ETraceEvent><E2ETraceEvent xmlns="http://schemas.microsoft.com/2004/06/E2ETraceEvent"><System xmlns="http://schemas.microsoft.com/2004/06/windows/eventlog/system"><EventID>0</EventID><Type>3</Type><SubType Name="Transfer">0</SubType><Level>255</Level><TimeCreated SystemTime="2011-01-11T19:00:33.5361328Z" /><Source Name="System.ServiceModel" /><Correlation ActivityID="{3d189aa3-3997-48f1-b841-4a368b48f698}" RelatedActivityID="{cb9712ee-f4f8-4443-b684-206e16caa312}" /><Execution ProcessName="WebDev.WebServer40" ProcessID="5092" ThreadID="8" /><Channel/><Computer>MACWIN</Computer></System><ApplicationData></ApplicationData></E2ETraceEvent><E2ETraceEvent xmlns="http://schemas.microsoft.com/2004/06/E2ETraceEvent"><System xmlns="http://schemas.microsoft.com/2004/06/windows/eventlog/system"><EventID>0</EventID><Type>3</Type><SubType Name="Transfer">0</SubType><Level>255</Level><TimeCreated SystemTime="2011-01-11T19:00:33.5361328Z" /><Source Name="System.ServiceModel" /><Correlation ActivityID="{cb9712ee-f4f8-4443-b684-206e16caa312}" RelatedActivityID="{3d189aa3-3997-48f1-b841-4a368b48f698}" /><Execution ProcessName="WebDev.WebServer40" ProcessID="5092" ThreadID="8" /><Channel/><Computer>MACWIN</Computer></System><ApplicationData></ApplicationData></E2ETraceEvent><E2ETraceEvent xmlns="http://schemas.microsoft.com/2004/06/E2ETraceEvent"><System xmlns="http://schemas.microsoft.com/2004/06/windows/eventlog/system"><EventID>131085</EventID><Type>3</Type><SubType Name="Stop">0</SubType><Level>255</Level><TimeCreated SystemTime="2011-01-11T19:00:33.5361328Z" /><Source Name="System.ServiceModel" /><Correlation ActivityID="{cb9712ee-f4f8-4443-b684-206e16caa312}" /><Execution ProcessName="WebDev.WebServer40" ProcessID="5092" ThreadID="8" /><Channel/><Computer>MACWIN</Computer></System><ApplicationData><TraceData><DataItem><TraceRecord xmlns="http://schemas.microsoft.com/2004/10/E2ETraceEvent/TraceRecord" Severity="Stop"><TraceIdentifier>http://msdn.microsoft.com/en-US/library/System.ServiceModel.Diagnostics.ActivityBoundary.aspx</TraceIdentifier><Description>Activity boundary.</Description><AppDomain>ada1ca43-6-129392460088408203</AppDomain><ExtendedData xmlns="http://schemas.microsoft.com/2006/08/ServiceModel/DictionaryTraceRecord"><ActivityName>Listen at 'http://localhost:25360/contacts'.</ActivityName><ActivityType>ListenAt</ActivityType></ExtendedData></TraceRecord></DataItem></TraceData></ApplicationData></E2ETraceEvent>