<?xml version="1.0" encoding="UTF-8"?><?xml-stylesheet type='text/xsl' href='_UpgradeReport_Files/UpgradeReport.xslt'?><UpgradeLog>
<Properties><Property Name="Solution" Value="Microsoft.ServiceModel.Http">
</Property><Property Name="Solution File" Value="C:\wcfcodeplex\Http\Src\Microsoft.ServiceModel.Http\Microsoft.ServiceModel.Http.sln">
</Property><Property Name="Date" Value="Thursday, December 23, 2010">
</Property><Property Name="Time" Value="16:58:04 PM">
</Property></Properties><Event ErrorLevel="0" Project="Microsoft.Http.Extensions" Source="..\Microsoft.Http.Extensions\Microsoft.Http.Extensions.csproj" Description="Project file successfully backed up as C:\wcfcodeplex\Http\Src\Microsoft.ServiceModel.Http\Backup\Microsoft.Http.Extensions.csproj">
</Event><Event ErrorLevel="0" Project="Microsoft.Http.Extensions" Source="..\Microsoft.Http.Extensions\AssemblyInfo.cs" Description="File successfully backed up as C:\wcfcodeplex\Http\Src\Microsoft.ServiceModel.Http\Backup\AssemblyInfo.cs">
</Event><Event ErrorLevel="0" Project="Microsoft.Http.Extensions" Source="..\Microsoft.Http.Extensions\AtomPubClient.cs" Description="File successfully backed up as C:\wcfcodeplex\Http\Src\Microsoft.ServiceModel.Http\Backup\AtomPubClient.cs">
</Event><Event ErrorLevel="0" Project="Microsoft.Http.Extensions" Source="..\Microsoft.Http.Extensions\DataContractContentExtensions.cs" Description="File successfully backed up as C:\wcfcodeplex\Http\Src\Microsoft.ServiceModel.Http\Backup\DataContractContentExtensions.cs">
</Event><Event ErrorLevel="0" Project="Microsoft.Http.Extensions" Source="..\Microsoft.Http.Extensions\JsonContentExtensions.cs" Description="File successfully backed up as C:\wcfcodeplex\Http\Src\Microsoft.ServiceModel.Http\Backup\JsonContentExtensions.cs">
</Event><Event ErrorLevel="0" Project="Microsoft.Http.Extensions" Source="..\Microsoft.Http.Extensions\HttpContentExtensions.cs" Description="File successfully backed up as C:\wcfcodeplex\Http\Src\Microsoft.ServiceModel.Http\Backup\HttpContentExtensions.cs">
</Event><Event ErrorLevel="0" Project="Microsoft.Http.Extensions" Source="..\Microsoft.Http.Extensions\PollingAgent.cs" Description="File successfully backed up as C:\wcfcodeplex\Http\Src\Microsoft.ServiceModel.Http\Backup\PollingAgent.cs">
</Event><Event ErrorLevel="0" Project="Microsoft.Http.Extensions" Source="..\Microsoft.Http.Extensions\SyndicationContentExtensions.cs" Description="File successfully backed up as C:\wcfcodeplex\Http\Src\Microsoft.ServiceModel.Http\Backup\SyndicationContentExtensions.cs">
</Event><Event ErrorLevel="0" Project="Microsoft.Http.Extensions" Source="..\Microsoft.Http.Extensions\SyndicationFeedExtensions.cs" Description="File successfully backed up as C:\wcfcodeplex\Http\Src\Microsoft.ServiceModel.Http\Backup\SyndicationFeedExtensions.cs">
</Event><Event ErrorLevel="0" Project="Microsoft.Http.Extensions" Source="..\Microsoft.Http.Extensions\XElementContentExtensions.cs" Description="File successfully backed up as C:\wcfcodeplex\Http\Src\Microsoft.ServiceModel.Http\Backup\XElementContentExtensions.cs">
</Event><Event ErrorLevel="0" Project="Microsoft.Http.Extensions" Source="..\Microsoft.Http.Extensions\XmlContentExtensions.cs" Description="File successfully backed up as C:\wcfcodeplex\Http\Src\Microsoft.ServiceModel.Http\Backup\XmlContentExtensions.cs">
</Event><Event ErrorLevel="0" Project="Microsoft.Http.Extensions" Source="..\Microsoft.Http.Extensions\XmlSerializerContentExtensions.cs" Description="File successfully backed up as C:\wcfcodeplex\Http\Src\Microsoft.ServiceModel.Http\Backup\XmlSerializerContentExtensions.cs">
</Event><Event ErrorLevel="0" Project="Microsoft.Http.Extensions" Source="..\Microsoft.Http.Extensions\Microsoft.Http.Extensions.csproj" Description="Project converted successfully">
</Event><Event ErrorLevel="3" Project="Microsoft.Http.Extensions" Source="..\Microsoft.Http.Extensions\Microsoft.Http.Extensions.csproj" Description="Converted">
</Event><Event ErrorLevel="0" Project="Microsoft.Http.Extensions" Source="..\Microsoft.Http.Extensions\Microsoft.Http.Extensions.csproj" Description="Scan complete: Upgrade not required for project files.">
</Event></UpgradeLog>